key	en	es	vi	zh	fr	de	pt	it	nl	pl	tr	id	fil	sv	ru	uk	ja	ko	hi	th
cm_hint	Beat dog mode to invent a cat space suit.	Gana el modo perro para inventar un traje espacial para gatos.	Phá đảo chế độ chó để phát minh bộ đồ phi hành gia cho mèo.	通关狗狗模式，发明猫咪太空服。	Gagne le mode chien pour inventer une combinaison spatiale pour chats.	Schaffe den Hundemodus, um einen Katzen-Raumanzug zu erfinden.	Vença o modo cachorro para inventar um traje espacial para gatos.	Batti la modalità cane per inventare una tuta spaziale per gatti.	Versla de hondenmodus om een ruimtepak voor katten uit te vinden.	Ukończ tryb psa, aby wynaleźć kosmiczny skafander dla kotów.	Kedi uzay giysisi icat etmek için köpek modunu bitir.	Tamatkan mode anjing untuk menciptakan baju antariksa kucing.	Tapusin ang dog mode para makaimbento ng space suit ng pusa.	Klara hundläget för att uppfinna en rymddräkt för katter.	Пройди режим собак, чтобы изобрести скафандр для кошек.	Пройди режим собак, щоб винайти скафандр для котів.	イヌモードをクリアして、ネコの宇宙服を発明しよう。	강아지 모드를 깨고 고양이 우주복을 발명하세요.	बिल्ली का स्पेस सूट बनाने के लिए डॉग मोड जीतो।	ผ่านโหมดหมาเพื่อประดิษฐ์ชุดอวกาศแมว
an_hint	Beat cat mode to unlock.	Gana el modo gato para desbloquear.	Phá đảo chế độ mèo để mở khóa.	通关猫咪模式即可解锁。	Gagne le mode chat pour débloquer.	Schaffe den Katzenmodus zum Freischalten.	Vença o modo gato para desbloquear.	Batti la modalità gatto per sbloccare.	Versla de kattenmodus om te ontgrendelen.	Ukończ tryb kota, aby odblokować.	Kilidi açmak için kedi modunu bitir.	Tamatkan mode kucing untuk membuka.	Tapusin ang cat mode para ma-unlock.	Klara kattläget för att låsa upp.	Пройди режим кошек, чтобы открыть.	Пройди режим котів, щоб відкрити.	ネコモードをクリアで解放。	고양이 모드를 깨면 잠금 해제.	अनलॉक करने के लिए कैट मोड जीतो।	ผ่านโหมดแมวเพื่อปลดล็อก
cm_breathe	We can't breathe up here!	¡Aquí arriba no podemos respirar!	Trên này tụi mình không thở được!	我们在这上面没法呼吸！	On ne peut pas respirer là-haut !	Hier oben können wir nicht atmen!	Não conseguimos respirar aqui em cima!	Quassù non riusciamo a respirare!	We kunnen hierboven niet ademen!	Tu na górze nie możemy oddychać!	Burada nefes alamıyoruz!	Kami tidak bisa bernapas di atas sini!	Hindi kami makahinga rito sa itaas!	Vi kan inte andas här uppe!	Мы не можем тут дышать!	Ми не можемо тут дихати!	ここじゃ息ができないよ！	여기선 숨을 쉴 수 없어!	हम यहाँ ऊपर साँस नहीं ले पा रहे!	ข้างบนนี้หายใจไม่ออกเลย!
cm_zoom	Zoom! Back home to Earth!	¡Zum! ¡De vuelta a casa, a la Tierra!	Vèo! Về nhà, về Trái Đất thôi!	嗖！回家，回地球啦！	Zoum ! Retour à la maison, sur Terre !	Zisch! Ab nach Hause zur Erde!	Zum! De volta pra casa, na Terra!	Zum! Si torna a casa, sulla Terra!	Zoef! Terug naar huis, naar de aarde!	Szuu! Wracamy do domu, na Ziemię!	Vınn! Eve, Dünya'ya dönüyoruz!	Wuss! Pulang ke Bumi!	Zoom! Uwi na sa Earth!	Svisch! Hem till jorden!	Вжух! Домой, на Землю!	Вжух! Додому, на Землю!	ビューン！地球のおうちへ帰ろう！	슝! 지구 집으로 돌아가자!	ज़ूम! वापस घर, धरती पर!	ฟิ้ว! กลับบ้านที่โลกกันเถอะ!
cm_suit_title	CATS NEED A SPACE SUIT!	¡LOS GATOS NECESITAN UN TRAJE ESPACIAL!	MÈO CẦN BỘ ĐỒ PHI HÀNH GIA!	猫咪需要太空服！	LES CHATS ONT BESOIN D'UNE COMBINAISON SPATIALE !	KATZEN BRAUCHEN EINEN RAUMANZUG!	GATOS PRECISAM DE UM TRAJE ESPACIAL!	I GATTI HANNO BISOGNO DI UNA TUTA SPAZIALE!	KATTEN HEBBEN EEN RUIMTEPAK NODIG!	KOTY POTRZEBUJĄ SKAFANDRA!	KEDİLERİN UZAY GİYSİSİNE İHTİYACI VAR!	KUCING BUTUH BAJU ANTARIKSA!	KAILANGAN NG PUSA NG SPACE SUIT!	KATTER BEHÖVER EN RYMDDRÄKT!	КОШКАМ НУЖЕН СКАФАНДР!	КОТАМ ПОТРІБЕН СКАФАНДР!	ネコには宇宙服が必要！	고양이에게 우주복이 필요해요!	बिल्लियों को स्पेस सूट चाहिए!	แมวต้องมีชุดอวกาศ!
cm_suit_body	Cats can't breathe in space. Beat dog mode (clear level 111) to invent a cat space suit.	Los gatos no pueden respirar en el espacio. Gana el modo perro (supera el nivel 111) para inventar un traje espacial para gatos.	Mèo không thở được ngoài không gian. Phá đảo chế độ chó (qua màn 111) để phát minh bộ đồ phi hành gia cho mèo.	猫咪在太空中无法呼吸。通关狗狗模式（通过第 111 关）来发明猫咪太空服。	Les chats ne peuvent pas respirer dans l'espace. Gagne le mode chien (termine le niveau 111) pour inventer une combinaison spatiale pour chats.	Katzen können im Weltraum nicht atmen. Schaffe den Hundemodus (Level 111), um einen Katzen-Raumanzug zu erfinden.	Gatos não conseguem respirar no espaço. Vença o modo cachorro (passe do nível 111) para inventar um traje espacial para gatos.	I gatti non possono respirare nello spazio. Batti la modalità cane (supera il livello 111) per inventare una tuta spaziale per gatti.	Katten kunnen niet ademen in de ruimte. Versla de hondenmodus (haal level 111) om een ruimtepak voor katten uit te vinden.	Koty nie mogą oddychać w kosmosie. Ukończ tryb psa (przejdź poziom 111), aby wynaleźć skafander dla kotów.	Kediler uzayda nefes alamaz. Kedi uzay giysisi icat etmek için köpek modunu bitir (111. seviyeyi geç).	Kucing tidak bisa bernapas di luar angkasa. Tamatkan mode anjing (lewati level 111) untuk menciptakan baju antariksa kucing.	Hindi makahinga ang mga pusa sa kalawakan. Tapusin ang dog mode (lampasan ang level 111) para makaimbento ng space suit ng pusa.	Katter kan inte andas i rymden. Klara hundläget (bana 111) för att uppfinna en rymddräkt för katter.	Кошки не могут дышать в космосе. Пройди режим собак (уровень 111), чтобы изобрести скафандр для кошек.	Коти не можуть дихати в космосі. Пройди режим собак (рівень 111), щоб винайти скафандр для котів.	ネコは宇宙で息ができません。イヌモードをクリア（レベル111）して、ネコの宇宙服を発明しよう。	고양이는 우주에서 숨을 쉴 수 없어요. 강아지 모드를 깨고(레벨 111) 고양이 우주복을 발명하세요.	बिल्लियाँ अंतरिक्ष में साँस नहीं ले सकतीं। बिल्ली का स्पेस सूट बनाने के लिए डॉग मोड जीतो (लेवल 111 पार करो)।	แมวหายใจในอวกาศไม่ได้ ผ่านโหมดหมา (ผ่านด่าน 111) เพื่อประดิษฐ์ชุดอวกาศแมว
cm_replay	Watch again	Ver otra vez	Xem lại	再看一次	Revoir	Nochmal ansehen	Ver de novo	Guarda di nuovo	Nog eens kijken	Obejrzyj jeszcze raz	Tekrar izle	Tonton lagi	Panoorin ulit	Se igen	Посмотреть ещё раз	Подивитися ще раз	もう一度見る	다시 보기	फिर से देखो	ดูอีกครั้ง
cm_sub	Dogs and cats team up in space!	¡Perros y gatos unidos en el espacio!	Chó và mèo cùng hợp sức trong không gian!	狗狗和猫咪在太空联手！	Chiens et chats font équipe dans l'espace !	Hunde und Katzen als Team im Weltraum!	Cachorros e gatos juntos no espaço!	Cani e gatti insieme nello spazio!	Honden en katten samen in de ruimte!	Psy i koty razem w kosmosie!	Köpekler ve kediler uzayda takım oluyor!	Anjing dan kucing bekerja sama di luar angkasa!	Magkakampi ang aso at pusa sa kalawakan!	Hundar och katter i team i rymden!	Собаки и кошки вместе в космосе!	Собаки й коти разом у космосі!	イヌとネコが宇宙でチームアップ！	강아지와 고양이가 우주에서 힘을 합쳐요!	कुत्ते और बिल्लियाँ अंतरिक्ष में एक टीम!	หมากับแมวร่วมทีมกันในอวกาศ!
pl_sub	Platypuses in space helmets!	¡Ornitorrincos con casco espacial!	Thú mỏ vịt đội mũ phi hành gia!	戴太空头盔的鸭嘴兽！	Des ornithorynques en casque spatial !	Schnabeltiere mit Raumhelm!	Ornitorrincos de capacete espacial!	Ornitorinchi con il casco spaziale!	Vogelbekdieren met ruimtehelm!	Dziobaki w kosmicznych hełmach!	Uzay kasklı ornitorenkler!	Platipus berhelm antariksa!	Mga platypus na may space helmet!	Näbbdjur med rymdhjälm!	Утконосы в космических шлемах!	Качкодзьоби в космічних шоломах!	宇宙ヘルメットのカモノハシ！	우주 헬멧을 쓴 오리너구리!	स्पेस हेलमेट वाले प्लैटिपस!	ตุ่นปากเป็ดใส่หมวกอวกาศ!
mn_sub	Manatees in space helmets!	¡Manatíes con casco espacial!	Lợn biển đội mũ phi hành gia!	戴太空头盔的海牛！	Des lamantins en casque spatial !	Seekühe mit Raumhelm!	Peixes-boi de capacete espacial!	Lamantini con il casco spaziale!	Zeekoeien met ruimtehelm!	Manaty w kosmicznych hełmach!	Uzay kasklı denizinekleri!	Manatee berhelm antariksa!	Mga manatee na may space helmet!	Sjökor med rymdhjälm!	Ламантины в космических шлемах!	Ламантини в космічних шоломах!	宇宙ヘルメットのマナティー！	우주 헬멧을 쓴 매너티!	स्पेस हेलमेट वाले मैनाटी!	พะยูนใส่หมวกอวกาศ!
story_best	BEST {s}	RÉCORD {s}	KỶ LỤC {s}	最高分 {s}	RECORD {s}	BESTWERT {s}	RECORDE {s}	RECORD {s}	RECORD {s}	REKORD {s}	REKOR {s}	TERBAIK {s}	PINAKAMATAAS {s}	REKORD {s}	РЕКОРД {s}	РЕКОРД {s}	ベスト {s}	최고 {s}	सर्वश्रेष्ठ {s}	สูงสุด {s}
un_suit	CAT SPACE SUIT INVENTED!	¡TRAJE ESPACIAL PARA GATOS INVENTADO!	ĐÃ PHÁT MINH BỘ ĐỒ PHI HÀNH GIA CHO MÈO!	猫咪太空服发明成功！	COMBINAISON SPATIALE POUR CHATS INVENTÉE !	KATZEN-RAUMANZUG ERFUNDEN!	TRAJE ESPACIAL PARA GATOS INVENTADO!	TUTA SPAZIALE PER GATTI INVENTATA!	RUIMTEPAK VOOR KATTEN UITGEVONDEN!	WYNALEZIONO SKAFANDER DLA KOTÓW!	KEDİ UZAY GİYSİSİ İCAT EDİLDİ!	BAJU ANTARIKSA KUCING DICIPTAKAN!	NAIMBENTO ANG SPACE SUIT NG PUSA!	RYMDDRÄKT FÖR KATTER UPPFUNNEN!	СКАФАНДР ДЛЯ КОШЕК ИЗОБРЕТЁН!	СКАФАНДР ДЛЯ КОТІВ ВИНАЙДЕНО!	ネコの宇宙服を発明！	고양이 우주복 발명!	बिल्ली का स्पेस सूट बन गया!	ประดิษฐ์ชุดอวกาศแมวสำเร็จ!
un_mode	{m} UNLOCKED!	¡{m} DESBLOQUEADO!	ĐÃ MỞ KHÓA {m}!	{m} 已解锁！	{m} DÉBLOQUÉ !	{m} FREIGESCHALTET!	{m} DESBLOQUEADO!	{m} SBLOCCATA!	{m} ONTGRENDELD!	ODBLOKOWANO {m}!	{m} AÇILDI!	{m} TERBUKA!	NA-UNLOCK ANG {m}!	{m} UPPLÅST!	{m} ОТКРЫТ!	{m} ВІДКРИТО!	{m} 解放！	{m} 잠금 해제!	{m} अनलॉक!	ปลดล็อก {m} แล้ว!
un_two	{a} + {b} UNLOCKED!	¡{a} + {b} DESBLOQUEADOS!	ĐÃ MỞ KHÓA {a} + {b}!	{a} + {b} 已解锁！	{a} + {b} DÉBLOQUÉS !	{a} + {b} FREIGESCHALTET!	{a} + {b} DESBLOQUEADOS!	{a} + {b} SBLOCCATE!	{a} + {b} ONTGRENDELD!	ODBLOKOWANO {a} + {b}!	{a} + {b} AÇILDI!	{a} + {b} TERBUKA!	NA-UNLOCK ANG {a} + {b}!	{a} + {b} UPPLÅSTA!	{a} + {b} ОТКРЫТЫ!	{a} + {b} ВІДКРИТО!	{a} + {b} 解放！	{a} + {b} 잠금 해제!	{a} + {b} अनलॉक!	ปลดล็อก {a} + {b} แล้ว!
lb_story	{m} · THIS DEVICE	{m} · ESTE DISPOSITIVO	{m} · THIẾT BỊ NÀY	{m} · 本设备	{m} · CET APPAREIL	{m} · DIESES GERÄT	{m} · ESTE APARELHO	{m} · QUESTO DISPOSITIVO	{m} · DIT APPARAAT	{m} · TO URZĄDZENIE	{m} · BU CİHAZ	{m} · PERANGKAT INI	{m} · DEVICE NA ITO	{m} · DEN HÄR ENHETEN	{m} · ЭТО УСТРОЙСТВО	{m} · ЦЕЙ ПРИСТРІЙ	{m} · この端末	{m} · 이 기기	{m} · यह डिवाइस	{m} · อุปกรณ์นี้
locked_aria	{m}, locked. {h}	{m}, bloqueado. {h}	{m}, đang khóa. {h}	{m}，已锁定。{h}	{m}, verrouillé. {h}	{m}, gesperrt. {h}	{m}, bloqueado. {h}	{m}, bloccata. {h}	{m}, vergrendeld. {h}	{m}, zablokowany. {h}	{m}, kilitli. {h}	{m}, terkunci. {h}	{m}, naka-lock. {h}	{m}, låst. {h}	{m}, закрыто. {h}	{m}, закрито. {h}	{m}、ロック中。{h}	{m}, 잠김. {h}	{m}, लॉक है। {h}	{m} ล็อกอยู่ {h}
